Count,UUID,Flow_UUID,Act_Len, Node_Count
1,5fce2d57-6a1e-4af3-92ec-373a8b004e8d,5f3fd8c6-2ec3-4945-8e7c-314db8c04c31,30,8
1,a970d5d9-2951-48dc-8c66-ee6833c4b21e,3fa22108-f464-41e5-81d9-d8a298854429,74,17
1,41525160-355f-4708-ab99-160b866829d8,f4f38e00-3a50-4892-99ce-a281fe24d040,65,12
1,6e3ce9b0-f4a0-4a9d-a182-02647cdbcc80,dd8d0a16-b8c3-4b61-bf8e-e5cad6fa8a2f,60,7
1,7e08e01e-7a84-4f86-a9fc-dde4ca4aa453,8333fce2-63d3-4849-bfd9-3543eb8b0430,83,4
1,dd35b2cd-defd-4d02-bb07-f1ff24be3320,8333fce2-63d3-4849-bfd9-3543eb8b0430,116,12
1,492c0d38-5067-420f-89a7-38de3566d978,5f3fd8c6-2ec3-4945-8e7c-314db8c04c31,112,1
1,8b2818dd-27ed-47a8-bcb4-691da82d5523,9e607fd5-232e-43c8-8fac-d8a99d72561e,40,15
1,902dcbfb-6e54-435e-a23b-37686dc495e1,63397051-789d-418d-9388-2ef7eb1268bb,143,12
1,6cc7896c-02ef-442f-8bcd-2533c2a2a357,56c4d7c4-4884-45e2-b4f9-82ddc4553519,20,20
1,7357ba62-08fe-4e79-a22c-ca1e420bcf10,5f3fd8c6-2ec3-4945-8e7c-314db8c04c31,81,6
1,cf151089-9220-4cf0-b59d-4e4764c8e247,8333fce2-63d3-4849-bfd9-3543eb8b0430,117,5
1,648b3335-4a3b-41fd-950b-1e1ac0ced490,3c50b79a-0420-4ced-bcd7-f37e0577cca6,51,4
1,10196f43-87f0-4205-aabd-1549aaa7e242,3fa22108-f464-41e5-81d9-d8a298854429,20,1
1,36051723-7d00-422e-8846-2336a9ecbc9d,3fa22108-f464-41e5-81d9-d8a298854429,20,21
1,037beab4-8faa-4f16-8503-8f469254a69d,8333fce2-63d3-4849-bfd9-3543eb8b0430,83,7
1,3e2d47bb-048d-4bd1-8a67-cc1a3ca01e94,56c4d7c4-4884-45e2-b4f9-82ddc4553519,14,1
